{"cameraMode":{"drawMode":0,"name":"Shaded","section":"Shading Mode"},"sceneLighting":true,"audioPlay":false,"sceneViewState":{"m_AlwaysRefresh":false,"showFog":true,"showSkybox":true,"showFlares":true,"showImageEffects":true,"showParticleSystems":true,"showVisualEffectGraphs":true,"m_FxEnabled":true},"in2DMode":false,"pivot":{"x":798.1158447265625,"y":544.2353515625,"z":151.26934814453126},"rotation":{"x":0.02549649216234684,"y":0.005396664142608643,"z":-0.0001418371102772653,"w":0.9996855854988098},"size":617.8882446289063,"orthographic":true}