{"cameraMode":{"drawMode":0,"name":"Shaded","section":"Shading Mode"},"sceneLighting":true,"audioPlay":false,"sceneViewState":{"m_AlwaysRefresh":false,"showFog":true,"showSkybox":true,"showFlares":true,"showImageEffects":true,"showParticleSystems":true,"showVisualEffectGraphs":true,"m_FxEnabled":true},"in2DMode":false,"pivot":{"x":-0.029999732971191407,"y":10.399999618530274,"z":45.900001525878909},"rotation":{"x":0.08543314039707184,"y":-0.603439450263977,"z":0.0652410164475441,"w":0.7901718020439148},"size":35.37493133544922,"orthographic":true}