{"cameraMode":{"drawMode":0,"name":"Shaded","section":"Shading Mode"},"sceneLighting":true,"audioPlay":false,"sceneViewState":{"m_AlwaysRefresh":false,"showFog":true,"showSkybox":true,"showFlares":true,"showImageEffects":true,"showParticleSystems":true,"showVisualEffectGraphs":true,"m_FxEnabled":true},"in2DMode":false,"pivot":{"x":-13.923120498657227,"y":-3.5948400497436525,"z":10.601781845092774},"rotation":{"x":-0.16542719304561616,"y":0.6962241530418396,"z":-0.16990689933300019,"w":-0.6776418685913086},"size":15.604095458984375,"orthographic":false}