{"cameraMode":{"drawMode":0,"name":"Shaded","section":"Shading Mode"},"sceneLighting":false,"audioPlay":false,"sceneViewState":{"m_AlwaysRefresh":false,"showFog":true,"showSkybox":false,"showFlares":true,"showImageEffects":true,"showParticleSystems":true,"showVisualEffectGraphs":true,"m_FxEnabled":true},"in2DMode":false,"pivot":{"x":222.96006774902345,"y":-119.56491088867188,"z":25.93007469177246},"rotation":{"x":-0.10354184359312058,"y":-0.35322755575180056,"z":0.03937235102057457,"w":-0.9289734959602356},"size":1.1643155813217164,"orthographic":true}