{"cameraMode":{"drawMode":0,"name":"Shaded","section":"Shading Mode"},"sceneLighting":false,"audioPlay":false,"sceneViewState":{"m_AlwaysRefresh":false,"showFog":true,"showSkybox":false,"showFlares":true,"showImageEffects":true,"showParticleSystems":true,"showVisualEffectGraphs":true,"m_FxEnabled":true},"in2DMode":false,"pivot":{"x":0.08754241466522217,"y":0.3399999737739563,"z":-55.52849578857422},"rotation":{"x":-0.21180151402950288,"y":-0.47887730598449709,"z":0.12022149562835694,"w":-0.8435148000717163},"size":5.556568622589111,"orthographic":true}