{"cameraMode":{"drawMode":0,"name":"Shaded","section":"Shading Mode"},"sceneLighting":false,"audioPlay":false,"sceneViewState":{"m_AlwaysRefresh":false,"showFog":true,"showSkybox":false,"showFlares":true,"showImageEffects":true,"showParticleSystems":true,"showVisualEffectGraphs":true,"m_FxEnabled":true},"in2DMode":false,"pivot":{"x":-0.029999732971191407,"y":2.987499952316284,"z":45.67499923706055},"rotation":{"x":0.20661026239395142,"y":-0.44781211018562319,"z":0.10716136544942856,"w":0.8633185029029846},"size":41.02894592285156,"orthographic":true}