{"cameraMode":{"drawMode":0,"name":"Shaded","section":"Shading Mode"},"sceneLighting":false,"audioPlay":false,"sceneViewState":{"m_AlwaysRefresh":false,"showFog":true,"showSkybox":false,"showFlares":true,"showImageEffects":true,"showParticleSystems":true,"showVisualEffectGraphs":true,"m_FxEnabled":true},"in2DMode":false,"pivot":{"x":-0.27307796478271487,"y":0.8787691593170166,"z":0.08980727195739746},"rotation":{"x":0.24959921836853028,"y":0.18452979624271394,"z":-0.04856734722852707,"w":0.9494061470031738},"size":5.265903949737549,"orthographic":true}