{"cameraMode":{"drawMode":0,"name":"Shaded","section":"Shading Mode"},"sceneLighting":true,"audioPlay":false,"sceneViewState":{"showFog":true,"showMaterialUpdate":false,"showSkybox":true,"showFlares":true,"showImageEffects":true,"showParticleSystems":true},"in2DMode":false,"pivot":{"x":0.3000001907348633,"y":0.699999988079071,"z":182.1999969482422},"rotation":{"x":-0.11606280505657196,"y":0.6831796169281006,"z":-0.11116476356983185,"w":-0.7124530673027039},"size":12.274133682250977,"orthographic":true}